Hour,Minute,Year,Month,Date,ATT1,ATT2,ATT3,ATT4,ATT5,ATT6,ATT7,ATT8,ATT9,ATT10,ATT11,ATT12,ATT13,ATT14,ATT15,ATT16,ATT17,ATT18,ATT19,ATT20,ATT21,ATT22,ATT23,ATT24,ATT25,ATT26,ATT27,ATT28,ATT29,ATT30,ATT31,ATT32,ATT33,ATT34,ATT35,ATT36,ATT37,ATT38,ATT39,ATT40,ATT41,ATT42,ATT43,ATT44,ATT45,ATT46,ATT47,ATT48,ATT49,ATT50,ATT51,ATT52,ATT53,ATT54,ATT55,ATT56,ATT57,ATT58,ATT59,ATT60,ATT61,ATT62,ATT63,ATT64,ATT65,ATT66,ATT67,ATT68,ATT69,ATT70,ATT71,ATT72,ATT73,ATT74,ATT75,ATT76,ATT77,ATT78,ATT79,ATT80,ATT81,ATT82,ATT83,ATT84,ATT85,ATT86,ATT87,ATT88,ATT89,ATT90,ATT91,ATT92,ATT93,ATT94,ATT95,ATT96,ATT97,ATT98,ATT99,ATT100,ATT101,ATT102,ATT103,ATT104,ATT105,ATT106,ATT107,ATT108,ATT109,ATT110,ATT111,ATT112,ATT113,ATT114,ATT115,ATT116,ATT117,ATT118,ATT119,ATT120,ATT121,ATT122,ATT123,ATT124,ATT125,ATT126,ATT127,ATT128,ATT129,ATT130,ATT131,ATT132
0,0,2018,3,12,-10.0,-999.0,0.0,9900.0,-10.0,-10.0,-10.0,2.578916806727648,46.87897968292236,4.714878082275392,5673.89208984375,258.8973846435547,257.12478637695307,29.70732498168945,3.6103134155273438,3053.55712890625,274.44970703125,270.31228637695307,23.19508171081543,-9.29423713684082,1460.93310546875,283.6689147949219,278.5861053466797,4.657048225402832,-4.4238128662109375,286.1790466308594,283.1247863769531,2.600641250610352,-4.2149715423583975,290.6854248046875,288.0622863769531,2.6728525161743164,-1.861734390258789,0.0,-0.014192581176757812,0.002159595489501953,101071.0,91.16877174377441,0.0,0.0,0.0,0.0,2.857452392578125,-2.05024528503418,100450.0,53.46400451660156,289.6804504394531,0.0,97.5,0.0,0.0,0.0,0.0,290.6272277832031,290.2622985839844,0.01112,288.8515167236328,89.7,0.8082008361816406,-0.051479339599609375,0.8142591934883967,-50.0,0.0,0.0,0.0,0.0,0.0,0.0,0.0,0.0,0.0,0.0,0.9458,0.03,-1.0,1.0,20.0,13.0,1.1,60.0,-44.0,29.922935843467712,0.0,24.25,0.0,24.25,--,--,--,--,--,249.3,0.0,330.3,0.0,399.1635894775391,0.0,0.0,-19.0,-23.1,13.374588012695312,-11.11135482788086,1.8687381744384768,-3.6893444061279297,27.52412414550781,6.684623718261719,3243.04,81.0,68500.0,3240.0,81.0,68300.0,4700.0,6860.0,1.4,40.0,-60.0,509.6960906982422,478.35562896728516,0.0,-132.0,60.0,-44.0,4897.03231048584,100000.0,75.0,1.0,0.0,237.8,285.3,232.12,283.9000000000001
1,0,2018,3,12,-10.0,-999.0,0.0,10000.0,-10.0,-10.0,-10.0,4.010639208368957,46.71572351455689,4.3736572265625,5677.888671875,259.1697540283203,256.43728637695307,27.75863647460937,4.359344482421875,3058.1953125,274.22299194335943,268.2423248291016,17.550111770629886,-8.81875228881836,1469.580810546875,282.53643798828125,277.8415679931641,4.062664031982422,-2.475849151611328,285.4425048828125,285.15614318847656,6.01219367980957,-3.1431884765625,290.3617858886719,287.9954071044922,5.02220344543457,-1.6436958312988281,0.0,0.027332067489624023,-0.027011632919311523,101209.0,102.77673530578613,0.0,0.0,0.0,0.0,5.309953689575195,-1.8870925903320312,100580.0,53.46400451660156,288.7223663330078,0.0,96.5,0.0,0.0,0.0,0.0,289.6763610839844,289.2613220214844,0.01067,288.2534942626953,91.4,1.118671417236328,-0.15039539337158206,1.128461065236479,-50.0,0.0,0.0,0.0,0.0,0.0,0.0,0.0,0.0,0.0,0.0,0.9458,0.04,-1.0,1.0,13.0,13.0,2.4000000000000004,80.0,-15.0,29.857357203960422,0.0,92.5,92.125,92.5,--,--,6466.485088348389,--,9965.894836425781,198.3,0.0,344.40000000000015,0.0,393.9337921142578,0.0,0.0,-17.0,12.6,12.971610069274902,-10.062507629394533,3.805194854736328,-2.262680053710937,23.641807556152344,7.372039794921875,3232.8,69.0,68600.0,3230.0,68.0,68500.0,4680.0,6650.0,1.5,90.0,-11.0,71.74002075195312,422.85911560058594,80.0,-8.0,100.0,-4.0,4890.567077636719,98700.0,77.4,1.0,0.0,229.35,251.8,225.95,242.3
2,0,2018,3,12,-10.0,-999.0,0.0,9900.0,-10.0,-10.0,-10.0,4.3243851121515045,45.30479907989502,4.649330139160156,5681.2119140625,258.98135375976557,257.18728637695307,29.39718723297119,6.207508087158202,3063.670654296875,273.9044342041016,268.62478637695307,17.76151180267334,-6.481048583984375,1476.4136962890625,282.08660888671875,280.7441253662109,5.801450729370117,-4.173316955566406,286.08612060546875,284.03082275390625,7.8706464767456055,-6.4555397033691415,290.070556640625,287.9035949707031,5.317732810974121,-2.183330535888672,0.0,0.029218673706054688,0.01636981964111328,101284.0,108.89741706848145,0.0,0.0,0.0,0.0,5.493635177612305,-2.28742790222168,100650.0,53.46400451660156,288.58734130859375,0.0,95.6,0.0,0.0,0.0,0.0,289.0640869140625,288.50946044921875,0.01067,288.2857360839844,91.8,1.2667903900146484,-0.5219926834106445,1.3134021213045344,-50.0,0.0,0.0,0.0,0.0,0.0,0.0,0.0,0.0,0.0,0.0,0.9458,0.06,-2.0,0.0,40.0,13.0,2.1,70.0,-29.0,30.11654353141785,45.375,81.625,64.625,81.625,91100.0,897.7016468048096,689.7069320678711,85800.0,9078.672428131104,221.0,0.0,390.8,0.0,393.1555633544922,0.0,0.0,40.0,-1.0,14.497625350952148,-9.88941764831543,6.147388458251952,-5.64521598815918,24.884506225585927,9.378311157226562,3181.36,71.0,69100.0,3180.0,71.0,69000.0,4660.0,6610.0,1.3,110.0,-2.0,80.1938591003418,446.161865234375,10.0,-76.0,70.0,-15.0,4889.0237159728995,91100.0,78.0,1.0,0.0,233.04,265.92,228.67,258.32
3,0,2018,3,12,-10.0,-999.0,0.0,10000.0,-10.0,-10.0,-10.0,5.2811695747077465,45.90544891357422,7.014942169189452,5674.5546875,258.77572631835943,256.99978637695307,29.53610038757324,5.904834747314452,3060.56298828125,273.2520294189453,268.24978637695307,15.790313720703125,-4.841880798339844,1477.24951171875,281.53021240234375,280.2377319335937,6.595014572143555,-5.046867370605469,285.86065673828125,285.22471618652344,9.17197036743164,-8.857006072998047,289.7604675292969,287.6995849609375,5.926326751708984,-3.67471694946289,0.0,0.0006761550903320312,-0.023663640022277832,101311.0,110.94782829284668,0.0,0.0,0.0,0.0,5.899858474731445,-3.637481689453125,100680.0,53.46400451660156,288.84678649902344,0.0,94.5,0.0,0.0,0.0,0.0,289.63800048828125,289.1195526123047,0.0106,288.1595458984375,89.80000000000004,1.8291034698486328,-1.2259464263916016,2.1273434024769813,-50.0,0.0,0.0,0.0,0.0,0.0,0.0,0.0,0.0,0.0,0.0,0.9458,0.26,-17.0,10.0,27.0,13.0,2.0,80.0,-21.0,30.028497219085693,0.0,70.25,86.625,86.625,--,--,7560.034774780273,--,10765.897338867188,196.5,0.0,341.3,0.0,394.7089385986328,0.0,0.0,76.0,-3.1,15.27904987335205,-10.463842391967773,5.965553283691406,-6.4851112365722665,23.665616989135746,11.00725555419922,3083.44,69.0,69900.0,3080.0,69.0,69800.0,4680.0,6510.0,1.2000000000000002,170.0,0.0,148.2927417755127,444.13063049316406,110.0,-8.0,120.0,-3.0,4880.5373306274405,93500.0,80.5,1.0,0.0,226.66,251.57,223.28,240.53
4,0,2018,3,12,-10.0,-999.0,0.0,10000.0,-10.0,-10.0,-10.0,7.288559764623643,47.736626148223884,8.225067138671875,5665.76513671875,258.61550903320307,256.68728637695307,30.4948673248291,5.505870819091797,3054.43994140625,272.7674560546875,268.81228637695307,14.863717079162598,-2.8289012908935547,1473.88916015625,281.51153564453125,279.81207275390625,6.871686935424805,-5.8414459228515625,285.02471923828125,284.1509246826172,8.715839385986326,-11.332321166992188,289.21905517578125,287.9304656982422,6.142772674560548,-6.2477684020996085,0.0,-0.008012771606445312,0.02748095989227295,101316.0,111.06620693206787,0.0,0.0,0.0,0.0,6.0146751403808585,-6.117115020751952,100680.0,53.46400451660156,288.44581604003906,0.0,93.9,0.0,0.0,0.0,0.0,289.294189453125,288.78271484375,0.0106,288.1732177734375,92.0,1.8992958068847656,-2.233745574951172,2.9384512992692184,-50.0,0.0,0.0,0.0,0.0,0.0,0.0,0.0,0.0,0.0,0.0,0.9458,0.42,-23.0,2.0,31.0,13.0,1.9,120.0,-1.0,30.833665490150448,0.0,50.625,66.5,66.5,--,--,343.7946472167969,--,9937.467014312744,208.4,0.0,337.2000000000001,0.0,392.6829071044922,0.0,0.0,89.0,-26.6,15.653848648071287,-11.28382682800293,5.404220581054688,-5.872398376464844,24.95627021789551,13.988162994384766,3012.720000000001,73.0,70500.0,3020.0,73.0,70300.0,4630.0,6420.0,1.8,130.0,-1.0,372.65214157104487,280.6024169921875,60.0,0.0,120.0,-1.0,4873.480438232422,100000.0,85.9,1.0,0.0,229.38,259.06,225.74,248.49
5,0,2018,3,12,-1.6875,-999.0,0.0016,10000.0,-9.0625,-10.0,-10.0,7.229251027107239,48.42093753814697,8.997383117675781,5657.27001953125,258.44644165039057,254.99978637695312,32.039978981018066,5.002738952636719,3046.85693359375,272.1918487548828,268.93728637695307,14.43108367919922,-0.3774929046630859,1471.5538330078125,280.7188720703125,279.83065795898443,9.38385772705078,-7.395673751831055,284.32733154296875,284.19171142578125,7.320009231567383,-12.495372772216795,288.90277099609375,287.02313232421875,4.225703239440918,-7.516075134277344,0.0,-0.006388664245605469,0.0206606388092041,101327.0,111.80782222747804,0.0,0.0,0.0,0.0,4.164264678955078,-7.395952224731445,100690.0,53.46400451660156,288.07069396972656,0.0,93.3,0.0,0.0,0.0,0.0,288.9939270019531,288.4646911621094,0.01007,287.37139892578125,89.10000000000002,1.4979515075683594,-2.544885635375977,2.938349551288411,-50.0,0.0,0.0,0.0,0.0,0.0,0.0,0.0,0.0,0.0,0.0,0.9458,0.42,-26.0,10.0,53.0,13.0,2.9000000000000004,80.0,-2.0,30.51179158687592,45.375,20.0,26.125,45.375,93500.0,679.7181339263916,498.4246711730957,79300.0,2443.9041595458984,236.8,0.0,386.20000000000016,0.0,390.31451416015625,0.0,0.0,56.0,-72.3,15.309550285339355,-11.579364776611328,7.214740753173827,-7.337921142578125,28.40020751953125,13.823089599609375,2919.68,75.0,71200.0,2920.0,75.0,71100.0,4590.0,6410.0,2.7,90.0,0.0,450.19753074645996,352.45404052734375,20.0,-6.0,70.0,0.0,4229.402324676515,88600.0,88.4,1.0,0.0,238.72,275.64,232.92,274.56
6,0,2018,3,12,1.25,-999.0,0.002,11700.0,-10.0,-10.0,-10.0,7.474736493080852,49.150980472564704,10.74850845336914,5646.048828125,257.89089965820307,254.62478637695312,33.07283878326416,5.964393615722656,3038.302734375,271.78030395507807,269.18728637695307,15.797710418701172,0.6904621124267578,1467.0994873046875,279.24237060546875,278.6777191162109,7.967206954956055,-10.967302322387695,282.59619140625,282.38291931152344,3.5803680419921875,-16.445745468139652,288.18878173828125,284.7286682128906,3.6019363403320312,-8.3460693359375,0.0,-0.0093841552734375,0.00205075740814209,101366.0,114.98953342437744,0.0,0.0,0.0,0.0,3.355976104736328,-8.090908050537111,100730.0,53.46400451660156,287.76124572753906,0.0,91.9,0.0,0.0,0.0,0.0,288.5696716308594,288.0268249511719,0.00894,285.5614318847656,81.7,1.5701103210449219,-3.315227508544922,3.68973847059533,-50.0,0.0,0.0,0.0,0.0,0.0,0.0,0.0,0.0,0.0,0.0,0.9458,0.55,-26.0,63.0,49.0,13.0,4.800000000000002,30.0,-2.0,28.80174744129181,89.125,19.25,10.875,89.125,79300.0,2033.7679595947266,681.4904632568359,75600.0,2870.1220169067383,233.2,0.0,371.70000000000016,0.0,388.6724090576172,0.0,0.0,58.0,-135.4,14.747421264648438,-12.308345794677734,3.1537818908691406,-13.35858154296875,30.47394180297852,15.027511596679688,2856.64,79.0,71700.0,2860.0,79.0,71600.0,4560.0,6340.0,5.1000000000000005,20.0,0.0,648.4642162322997,561.1457214355469,10.0,-1.0,20.0,-2.0,3626.833644866944,75600.0,88.7,1.0,0.0,238.31,273.79,232.75,272.83
7,0,2018,3,12,10.9375,-999.0,0.008,14500.0,-10.0,-10.0,-10.0,8.593816246837378,49.563764810562134,9.273326873779297,5637.8984375,257.5368804931641,255.93728637695312,35.255210876464844,6.95709228515625,3033.891845703125,271.4699859619141,267.43728637695307,18.254831314086914,0.375213623046875,1463.3056640625,278.81533813476557,275.345230102539,8.433504104614258,-10.643402099609377,281.05718994140625,280.10922241210943,2.948383331298828,-15.980585098266602,287.0001220703125,281.7465362548828,2.8016071319580083,-9.903423309326172,0.0,0.016033172607421875,-0.006720542907714844,101404.0,117.81538891792296,0.0,0.0,0.0,0.0,2.5389270782470703,-9.634784698486328,100760.0,53.46400451660156,286.43663024902344,0.0,90.2,0.0,0.0,0.0,0.0,287.373291015625,286.7934875488281,0.007450000000000002,282.8639068603516,73.7,1.4742164611816406,-4.686803817749023,4.938832430518231,-50.0,0.0,0.0,0.0,0.0,0.0,0.0,0.0,0.0,0.0,0.0,0.9458,0.76,-35.0,114.0,65.0,13.0,8.0,0.0,0.0,25.207788109779358,8.875,0.0,0.0,8.875,62700.0,3899.6413288116455,--,62700.0,--,234.5,0.0,325.4000000000001,0.0,381.7368316650391,0.0,0.0,63.0,-138.9,15.497961044311525,-12.77841567993164,3.4836101531982417,-10.896892547607422,33.58935546875,17.388721466064453,2791.76,80.0,72200.0,2790.0,80.0,72100.0,4540.0,6310.0,7.9004455566406255,0.0,0.0,716.5648822784424,785.979736328125,0.0,0.0,0.0,0.0,74.33436584472656,75600.0,80.60000000000002,1.0,0.0,239.44,264.99,234.48,264.33
8,0,2018,3,12,-10.0,-999.0,0.0,15500.0,-10.0,-10.0,-10.0,9.420638900250195,51.13309812545776,5.819549560546875,5625.8037109375,257.31039428710943,254.31228637695312,34.86484909057617,9.71457290649414,3028.20654296875,270.26358032226557,264.37478637695307,18.069883346557614,-1.4822921752929688,1460.90966796875,278.6815795898437,270.61361694335943,9.962177276611328,-11.129980087280273,279.79071044921875,278.41571044921875,3.533161163330078,-17.38077163696289,285.2841491699219,279.1551055908203,3.0091876983642583,-10.842765808105467,0.0,-0.02507925033569336,-0.00485074520111084,101457.0,121.40228796005249,0.0,0.0,0.0,0.0,2.9562282562255864,-10.488338470458984,100810.0,53.46400451660156,284.29002380371094,0.0,88.7,0.0,0.0,0.0,0.0,285.5784606933594,284.9471130371094,0.006379999999999999,280.5771026611328,70.8,1.7533454895019531,-5.213390350341797,5.443447501398623,-50.0,0.0,0.0,0.0,0.0,0.0,0.0,0.0,0.0,0.0,0.0,0.9458,0.85,-52.0,108.0,93.0,13.0,11.0,0.0,0.0,19.00468933582306,80.5,4.5,0.0,80.5,88800.0,1106.2909202575684,881.0736083984375,88800.0,1379.3673400878906,245.2,0.0,359.8,0.0,370.4571380615234,0.0,0.0,-25.0,-142.20000000000005,16.683993339538574,-13.17031478881836,4.903825759887695,-8.896224975585938,32.73185157775879,21.345993041992188,2623.84,75.0,73700.0,2620.0,75.0,73600.0,4460.0,6210.0,9.0,0.0,0.0,585.7648582458496,901.3526000976562,0.0,0.0,0.0,0.0,73.91573333740234,75700.0,64.0,1.0,0.0,241.26,278.04,236.31,276.93
9,0,2018,3,12,-10.0,-999.0,0.0,15700.0,-10.0,-10.0,-10.0,8.68749862536788,52.89027810096741,5.7441253662109375,5612.376953125,256.5233154296875,252.68728637695312,34.74327850341797,10.26025390625,3022.46435546875,269.3832244873047,241.62478637695312,16.411591529846188,-4.427160263061523,1459.56982421875,278.494140625,268.77005004882807,13.578866958618164,-13.321331024169922,279.29608154296875,276.2711181640625,7.1980438232421875,-16.418159484863278,284.0067138671875,278.02474975585943,3.970121383666992,-10.048351287841797,0.0,0.009067535400390623,0.017699122428894043,101503.0,124.78980016708374,0.0,0.0,0.0,0.0,3.6702194213867188,-9.418575286865234,100850.0,53.46400451660156,283.6858673095703,0.0,87.0,0.0,0.0,0.0,0.0,284.51808166503906,283.8686828613281,0.00591,279.4372711181641,70.5,2.0043716430664062,-4.738056182861328,5.128954490181059,-50.0,0.0,0.0,0.0,0.0,0.0,0.0,0.0,0.0,0.0,0.0,0.9458,0.81,-32.0,109.0,84.0,13.0,12.0,0.0,0.0,12.221280097961426,19.25,0.0,0.0,19.25,88800.0,1102.8585357666016,878.4983406066895,88800.0,1373.7199783325195,248.1,0.0,332.5,0.0,367.31739807128906,0.0,0.0,-94.0,-147.0,17.966697692871094,-13.545129776000975,8.534820556640625,-9.9208984375,31.34454917907715,20.895465850830078,2532.32,10.0,74500.0,2530.0,10.0,74400.0,4380.0,6100.0,9.6,0.0,0.0,518.6831836700441,885.2671508789062,0.0,0.0,0.0,0.0,1233.2893867492674,88800.0,42.8,1.0,0.0,241.96,278.65000000000003,236.7,277.04
10,0,2018,3,12,-10.0,-999.0,0.0,15200.0,-10.0,-10.0,-10.0,8.860132366418837,53.23641443252564,4.694629669189453,5596.0830078125,255.6239776611328,235.93728637695312,37.34035682678223,5.9097137451171875,3016.914794921875,269.2070159912109,235.65939331054688,17.22468376159668,-6.842418670654298,1455.3638916015625,278.41220092773443,261.4051513671875,14.581232070922852,-15.426286697387695,276.8314208984375,274.14358520507807,6.888956069946289,-15.723098754882812,282.2975769042969,276.4441070556641,4.750311851501465,-9.973508834838867,0.0,-0.03383350372314453,0.00636923313140869,101554.0,128.421151638031,0.0,0.0,0.0,0.0,4.469985961914063,-9.29832649230957,100900.0,53.46400451660156,281.51475524902344,0.0,86.30000000000004,0.0,0.0,0.0,0.0,282.6767272949219,282.02589416503906,0.0053100000000000005,277.92735290527344,71.4,2.3480663299560547,-4.3516578674316415,4.814869585912675,-50.0,0.0,0.0,0.0,0.0,0.0,0.0,0.0,0.0,0.0,0.0,0.9458,0.76,-45.0,77.0,112.0,13.0,13.6,0.0,0.0,8.23407757282257,2.25,0.0,0.0,2.25,--,--,--,--,--,251.1,0.0,262.6,0.0,356.2170867919922,0.0,0.0,-100.0,-130.9,17.739896774291992,-15.250864028930664,8.328208923339844,-12.49533462524414,33.54879379272461,15.986282348632812,2521.52,8.0,74600.0,2520.0,8.0,74500.0,4090.0,6040.0,13.3,0.0,0.0,587.9970817565917,864.94677734375,0.0,0.0,0.0,0.0,73.74182891845703,71800.0,30.6,1.0,0.0,246.34,278.92,239.24,278.66
11,0,2018,3,12,-10.0,-999.0,0.0,14800.0,-10.0,-10.0,-10.0,8.968550918623805,55.8971004486084,0.16128158569335938,5591.79541015625,254.7159576416016,222.87478637695312,39.191882133483894,2.0322723388671875,3020.43505859375,269.31869506835943,234.18728637695312,18.871248245239254,-9.602849960327148,1459.323486328125,278.228271484375,260.34490966796875,12.617918014526367,-15.264841079711914,275.55438232421875,274.1643524169922,6.347553253173827,-15.714284896850586,281.23770141601557,275.6046295166016,5.071201324462892,-10.097230911254883,0.0,-0.004111289978027344,-0.008044004440307617,101660.0,136.6106786727905,0.0,0.0,0.0,0.0,4.683248519897461,-9.187191009521484,101010.0,53.46400451660156,280.4855194091797,0.0,85.80000000000003,0.0,0.0,0.0,0.0,281.5748748779297,280.805892944336,0.00498,277.071792602539,72.4,2.2267208099365234,-4.524168014526367,4.941269561415538,-50.0,0.0,0.0,0.0,0.0,0.0,0.0,0.0,0.0,0.0,0.0,0.9458,0.79,-43.0,68.0,104.0,13.0,14.2,0.0,0.0,7.889528870582581,43.25,0.0,0.0,43.25,--,--,--,--,--,253.3,0.0,258.5,0.0,351.0136413574219,0.0,0.0,-61.0,-102.7,17.037294387817386,-16.904319763183597,5.6323299407958975,-11.675601959228516,35.636517524719245,12.264827728271484,2533.2000000000007,8.0,74500.0,2530.0,8.0,74400.0,3960.0,5960.0,13.3,0.0,0.0,600.6281337738038,826.9711303710938,0.0,0.0,0.0,0.0,73.70206451416016,71800.0,30.1,1.0,0.0,250.31,277.90000000000003,243.02,277.7
12,0,2018,3,12,-10.0,-999.0,0.0,15800.0,-10.0,-10.0,-10.0,8.962662745267153,55.696324825286865,-4.592864990234375,5589.57568359375,254.2263336181641,224.12478637695312,39.4113883972168,-0.838470458984375,3024.264892578125,269.31106567382807,235.87478637695312,18.947124481201172,-11.489616394042967,1464.5977783203125,277.61090087890625,262.4885711669922,10.243785858154297,-16.917840957641598,274.72772216796875,274.60140991210943,6.172149658203125,-15.850242614746096,280.66607666015625,274.64959716796875,4.80692195892334,-10.498348236083984,0.0,-0.02562284469604492,0.01751422882080078,101768.0,145.17466449737552,0.0,0.0,0.0,0.0,4.341323852539063,-9.668766021728516,101110.0,53.46400451660156,280.88253784179693,0.0,84.60000000000002,0.0,0.0,0.0,0.0,281.3860321044922,280.517593383789,0.00472,276.29364013671875,70.3,2.1378707885742188,-4.816856384277344,5.251311144675128,-50.0,0.0,0.0,0.0,0.0,0.0,0.0,0.0,0.0,0.0,0.0,0.9458,0.84,-18.0,91.0,69.0,13.0,14.6,0.0,0.0,8.433593392372131,98.125,0.0,0.0,98.125,91600.0,862.2135887145996,663.0734405517578,89000.0,1358.442512512207,256.1,0.0,338.8,0.0,352.97227478027344,0.0,0.0,-59.0,-96.9,16.03569221496582,-18.54169273376465,4.3554344177246085,-12.534046173095705,36.57892227172852,10.470870971679688,2507.28,10.0,74800.0,2510.0,10.0,74700.0,3870.0,5860.0,11.3,0.0,0.0,647.6710186004639,877.1038208007812,0.0,0.0,20.0,0.0,1218.1388854980466,89000.0,33.6,1.0,0.0,251.99,274.66,245.2,274.0
13,0,2018,3,12,-10.0,-999.0,0.0,16700.0,-10.0,-10.0,-10.0,9.603551432490347,54.521484375,-5.312541961669922,5591.2685546875,253.8544006347656,219.43728637695312,36.002144813537605,-6.668891906738281,3029.178955078125,269.0163726806641,236.81228637695312,17.590481758117676,-12.354755401611328,1468.890625,277.54888916015625,270.18136596679693,10.273269653320312,-18.2236385345459,274.2777099609375,274.26455688476557,6.641101837158202,-15.832077026367188,280.56466674804693,274.09835815429693,4.8380775451660165,-11.105952262878418,0.0,-0.03493595123291016,-0.006528854370117188,101841.0,151.20613336563108,0.0,0.0,0.0,0.0,4.535106658935547,-10.224660873413086,101180.0,53.46400451660156,281.0872802734375,0.0,83.30000000000003,0.0,0.0,0.0,0.0,281.28302001953125,280.37850952148443,0.004560000000000001,275.8309326171875,68.3,2.479991912841797,-5.711660385131836,6.187706831959076,-50.0,0.0,0.0,0.0,0.0,0.0,0.0,0.0,0.0,0.0,0.0,0.9458,0.88,-8.0,113.0,52.0,13.0,14.8,0.0,-3.0,9.294862508773805,96.875,0.0,0.0,96.875,94000.0,658.6342735290527,483.2995910644531,89100.0,1357.0531044006348,256.2,13.8,341.2000000000001,1.625,353.9044494628906,0.0,13.8,-46.0,-61.90000000000001,14.262359619140625,-20.3568115234375,4.474201202392578,-12.090005874633787,32.802125930786126,4.9894866943359375,2514.4,11.0,74800.0,2510.0,10.0,74700.0,3790.0,5770.0,9.2,0.0,0.0,752.234619140625,931.9623413085938,0.0,-1.0,0.0,0.0,73.60197830200195,86300.0,37.3,1.0,0.0,253.5,273.82,246.85,273.22
14,0,2018,3,12,-10.0,-999.0,0.0,18100.0,-10.0,-10.0,-10.0,12.835745476186275,50.25201463699341,-11.202747344970703,5602.5830078125,254.177001953125,221.31228637695312,30.43629550933838,-16.80697250366211,3036.08447265625,269.1623077392578,234.93728637695312,15.976399421691895,-15.906211853027346,1475.243408203125,277.98345947265625,264.44110107421875,9.295555114746094,-19.918132781982425,274.28286743164057,272.92404174804693,5.260709762573242,-15.863243103027346,280.5831298828125,273.4759979248047,3.647783279418945,-11.511661529541016,0.0,-0.014545440673828125,0.002437353134155273,101914.0,157.1074328422546,0.0,0.0,0.0,0.0,3.0741367340087886,-10.240833282470703,101250.0,53.46400451660156,282.9375762939453,0.0,76.3,0.0,0.0,0.0,0.0,281.88414001464844,280.8799285888672,0.0044800000000000005,275.577880859375,65.4,1.5036487579345703,-5.646920204162598,5.942377922125161,-50.0,0.0,0.0,0.0,0.0,0.0,0.0,0.0,0.0,0.0,0.0,0.9458,0.96,52.0,152.0,3.0,13.0,15.0,0.0,0.0,8.064586520195007,42.625,0.0,0.0,42.625,89200.0,1086.3906440734863,866.1927452087402,89200.0,1356.9385986328125,256.8,93.2,336.2000000000001,11.25,363.4320526123047,0.0,93.2,-13.0,-22.0,9.67314338684082,-22.77034568786621,4.3471012115478525,-12.613166809082033,28.38129234313965,-5.660713195800781,2532.16,9.0,74700.0,2530.0,9.0,74600.0,3860.0,5830.0,10.1,0.0,0.0,753.8415431976317,1017.76025390625,0.0,0.0,0.0,0.0,73.58568954467773,79800.0,32.0,1.0,0.0,253.15,274.2,246.37,273.31
15,0,2018,3,12,-10.0,-999.0,0.0,18700.0,-10.0,-10.0,-10.0,12.110482890158892,48.87222766876221,-12.81330108642578,5623.74609375,255.1474151611328,221.74978637695312,26.74809646606445,-26.738201141357425,3039.90966796875,269.7862548828125,232.56228637695312,13.759182929992676,-17.328369140625,1479.3895263671875,277.0819702148437,270.1415252685547,5.8251590728759775,-20.27244758605957,274.1615600585937,274.03482055664057,3.4445705413818364,-13.796493530273438,280.88232421875,273.5481414794922,3.202664375305176,-11.312501907348633,0.0,0.003689289093017578,-0.009492635726928713,101984.0,163.10659980773926,0.0,0.0,0.0,0.0,2.905582427978516,-10.332046508789062,101330.0,53.46400451660156,284.5296630859375,0.0,64.60000000000001,0.0,0.0,0.0,0.0,282.38758850097656,281.339111328125,0.0045000000000000005,275.6726837158203,64.10000000000001,1.7671432495117188,-5.892658233642577,6.314825081266463,-50.0,0.0,0.0,0.0,0.0,0.0,0.0,0.0,0.0,0.0,0.0,0.9458,1.08,100.0,174.0,-3.0,13.0,15.7,0.0,0.0,9.494399309158323,46.75,0.0,0.0,46.75,96200.0,476.4712677001953,333.8212356567383,89200.0,1356.7132034301758,254.5,70.8,346.90000000000015,8.5,371.6968231201172,0.0,70.8,16.0,2.1,5.251375198364258,-23.259315490722656,2.042795181274414,-11.21860122680664,24.472620010375977,-15.958683013916016,2551.76,8.0,74500.0,2550.0,8.0,74400.0,4250.0,5910.0,8.3,0.0,0.0,799.2592716217041,1040.3151245117188,10.0,0.0,0.0,0.0,73.64073181152344,86400.0,36.9,1.0,0.0,253.17,273.2,246.3,272.51
16,0,2018,3,12,-10.0,-999.0,0.0,21600.0,-10.0,-10.0,-10.0,12.728390142321588,47.38161611557007,-13.121360778808596,5632.27392578125,255.1134490966797,221.24978637695312,23.782730102539066,-24.60728454589844,3041.70263671875,270.00045776367193,232.18728637695312,13.316812515258787,-18.14190673828125,1484.1051025390625,276.3143310546875,264.17782592773443,2.747661590576172,-20.413488388061523,274.92633056640625,272.1041717529297,3.6230697631835938,-11.564010620117188,281.7819519042969,273.2481842041016,3.07124137878418,-9.356897354125977,0.0,0.009459495544433594,-0.03709399700164795,102029.0,166.82840728759766,0.0,0.0,0.0,0.0,2.8035144805908203,-8.644128799438478,101370.0,53.46400451660156,288.68695068359375,0.0,47.5,0.0,0.0,0.0,0.0,283.9046936035156,282.8276672363281,0.00451,275.6868438720703,59.1,1.8386573791503904,-4.876447677612305,5.377224353374912,-50.0,0.0,0.0,0.0,0.0,0.0,0.0,0.0,0.0,0.0,0.0,0.9458,0.95,211.0,223.0,-104.0,13.0,14.8,0.0,0.0,7.670172452926638,0.0,0.0,0.0,0.0,--,--,--,--,--,266.1,762.5,259.90000000000003,91.75,393.8560791015625,914.4,118.4,23.0,13.7,3.9641284942626953,-22.228168487548828,1.6528205871582031,-10.21707534790039,21.288487434387207,-15.417667388916016,2475.84,11.0,75300.0,2480.0,11.0,75100.0,4440.0,5870.0,13.1,0.0,0.0,970.6509418487548,1190.7250366210938,0.0,0.0,0.0,0.0,73.76136016845703,72100.0,29.70000000000001,1.0,0.0,252.55,285.2,245.68,284.5
17,0,2018,3,12,-10.0,-999.0,0.0,26600.0,-10.0,-10.0,-10.0,12.341167617589235,44.015156745910645,-11.020057678222656,5646.1650390625,255.2143859863281,222.12478637695312,22.09909152984619,-20.17432403564453,3047.33740234375,270.8370361328125,231.93728637695312,11.732629776000975,-18.834209442138672,1490.550048828125,276.177490234375,258.48977661132807,1.1062126159667969,-19.628131866455078,276.317626953125,271.010757446289,3.0940761566162114,-11.04753303527832,282.883544921875,271.959213256836,2.47671890258789,-9.592646598815918,0.0,-0.02565526962280273,-0.00022518634796142578,102052.0,169.33295822143558,0.0,0.0,0.0,0.0,2.098642349243164,-8.845958709716797,101400.0,53.46400451660156,291.7358703613281,0.0,25.9,0.0,0.0,0.0,0.0,285.3067626953125,284.2203674316406,0.00417,274.61795043945307,50.3,1.194011688232422,-5.604260444641113,5.877510018413888,-50.0,0.0,0.0,0.0,0.0,0.0,0.0,0.0,0.0,0.0,0.0,0.9458,1.04,296.0,236.0,-106.0,13.0,14.6,0.0,0.0,6.679332256317139,0.0,0.0,0.0,0.0,--,--,--,--,--,271.2,877.5,259.90000000000003,105.625,410.82269287109375,947.9,125.6,34.0,14.7,3.5896244049072266,-22.2338924407959,1.6051578521728516,-8.1943359375,20.43375396728516,-10.806846618652344,2424.4,12.0,75800.0,2420.0,12.0,75700.0,4590.0,5890.0,15.0,0.0,0.0,992.4226379394532,1495.5143432617188,0.0,0.0,0.0,0.0,73.77261352539062,72100.0,24.70000000000001,1.0,0.0,252.17,288.1,245.24,287.4000000000001
18,0,2018,3,12,-10.0,-999.0,0.0,30600.0,-10.0,-10.0,-10.0,11.158176574856043,39.76517868041992,-9.346700668334961,5657.11962890625,255.2110595703125,223.99978637695312,23.70782852172852,-17.008010864257812,3053.63037109375,271.80325317382807,233.49978637695312,10.690813064575195,-18.46207046508789,1494.517578125,276.48373413085943,255.2689666748047,1.5966567993164062,-17.955989837646484,277.395263671875,270.18722534179693,2.9991893768310547,-10.691944122314453,284.13714599609375,271.5421142578125,2.5516490936279297,-8.656417846679688,0.0,-0.008718252182006836,-0.015381097793579103,102036.0,168.93363189697266,0.0,0.0,0.0,0.0,2.129436492919922,-7.962553024291992,101390.0,53.46400451660156,294.418212890625,0.0,10.2,0.0,0.0,0.0,0.0,286.782958984375,285.6218566894531,0.004,274.0148162841797,44.3,1.3139686584472656,-4.781307220458984,5.126900533563457,-50.0,0.0,0.0,0.0,0.0,0.0,0.0,0.0,0.0,0.0,0.0,0.9458,0.93,330.0,200.0,-100.0,13.0,13.9,0.0,0.0,6.213051915168762,0.0,0.0,0.0,0.0,--,--,--,--,--,275.90000000000003,920.0,262.0,110.75,425.89295959472656,958.0,128.5,17.0,6.5,4.551074981689453,-21.010128021240234,1.4880714416503906,-7.37261962890625,22.033994674682614,-8.783340454101562,2629.92,6.0,73900.0,2630.0,6.0,73800.0,4640.0,5900.0,14.8,0.0,0.0,988.915744781494,1709.1826171875,0.0,0.0,0.0,0.0,74.30695343017578,72100.0,21.9,1.0,0.0,251.43,290.6,244.29,289.9000000000001
19,0,2018,3,12,-10.0,-999.0,0.0,35600.0,-10.0,-10.0,-10.0,10.085503580048679,39.59897470474243,-8.325685501098633,5655.89453125,254.99644470214844,225.93728637695312,23.39163684844971,-15.302253723144533,3052.406494140625,272.1585693359375,235.06228637695312,9.86301040649414,-17.85234832763672,1492.7904052734375,275.977294921875,254.74978637695312,2.986902236938477,-16.264196395874027,278.9403686523437,269.21597290039057,3.0108108520507812,-9.57420539855957,285.5328369140625,270.75497436523443,2.16141128540039,-7.681212425231934,0.0,-0.03859519958496094,-0.033397555351257324,101953.0,162.46355438232422,0.0,0.0,0.0,0.0,1.6512393951416016,-7.0517330169677725,101300.0,53.46400451660156,295.8385467529297,0.0,3.6,0.0,0.0,0.0,0.0,287.9920349121094,286.9381103515625,0.00371,272.99819946289057,38.0,0.9122047424316406,-4.349161148071288,4.501198601559736,-50.0,0.0,0.0,0.0,0.0,0.0,0.0,0.0,0.0,0.0,0.0,0.9458,0.84,320.0,183.0,-90.0,13.0,13.3,0.0,0.0,5.860136091709138,0.0,0.0,0.0,0.0,--,--,--,--,--,277.90000000000003,888.0,264.3,106.875,434.14288330078125,950.0,127.6,17.0,11.0,4.761035919189453,-19.780513763427734,2.2432212829589844,-5.905242919921875,21.994155883789066,-8.168476104736326,2812.8,4.0,72200.0,2810.0,4.0,72100.0,4630.0,5880.0,14.0,0.0,0.0,1130.2959861755369,1978.4017333984373,0.0,0.0,0.0,0.0,74.315673828125,72100.0,20.200000000000006,1.0,0.0,250.44,292.0,243.14,291.3
20,0,2018,3,12,-10.0,-999.0,0.0,40100.0,-10.0,-10.0,-10.0,10.534466080367563,39.325180530548096,-6.5438385009765625,5662.3671875,255.08116149902344,227.18728637695312,23.74529361724853,-13.615413665771484,3056.2998046875,272.75772094726557,236.81228637695312,10.4698486328125,-16.244392395019528,1493.826171875,276.08551025390625,257.12478637695307,3.7527942657470703,-14.823667526245115,280.39385986328125,268.00546264648443,3.167743682861328,-9.170164108276367,286.8837890625,269.765853881836,2.531381607055664,-7.748981475830077,0.0,0.005207061767578125,0.00846707820892334,101892.0,158.1211395263672,0.0,0.0,0.0,0.0,2.2234840393066406,-7.2624454498291025,101240.0,53.46400451660156,295.5540466308594,0.0,1.9,0.0,0.0,0.0,0.0,288.9363708496094,287.91595458984375,0.0034500000000000004,271.9740447998047,33.0,1.3116683959960938,-4.651121139526367,4.877522479277103,-50.0,0.0,0.0,0.0,0.0,0.0,0.0,0.0,0.0,0.0,0.0,0.9458,0.89,280.0,184.0,-60.0,13.0,13.1,0.0,0.0,5.762468874454497,0.0,0.0,0.0,0.0,--,--,--,--,--,277.8,782.8000000000003,266.90000000000003,94.25,432.7266845703125,921.0,122.5,9.0,4.800000000000002,5.834403991699219,-19.095125198364254,1.972016334533692,-5.090190887451172,21.8198356628418,-6.2930908203125,2978.32,4.0,70800.0,2980.0,4.0,70700.0,4650.0,5890.0,13.6,0.0,0.0,1232.7225284576414,2264.114013671875,0.0,0.0,0.0,0.0,74.3724594116211,72000.0,18.9,1.0,0.0,249.93,291.9000000000001,242.46,291.2
21,0,2018,3,12,-10.0,-999.0,0.0,43100.0,-10.0,-10.0,-10.0,8.927616287022827,38.43241834640503,-6.157960891723633,5665.6455078125,255.10128784179688,228.24978637695312,22.651616096496586,-12.309654235839846,3059.8212890625,272.8645172119141,237.49978637695312,9.73221206665039,-14.659542083740234,1494.1220703125,276.75311279296875,259.24978637695307,2.4002418518066406,-13.78311538696289,280.678466796875,267.06939697265625,2.698507308959961,-10.086355209350586,287.33197021484375,268.87998962402344,2.54836654663086,-8.257790565490723,0.0,-0.012649059295654295,0.01568472385406494,101866.0,156.47765350341797,0.0,0.0,0.0,0.0,2.225204467773437,-7.747385025024414,101220.0,53.46400451660156,294.244140625,0.0,1.4,0.0,0.0,0.0,0.0,289.3746643066406,288.3986511230469,0.0032400000000000003,271.13232421875,29.8,1.2333030700683594,-4.850246429443359,5.064243023400195,-50.0,0.0,0.0,0.0,0.0,0.0,0.0,0.0,0.0,0.0,0.0,0.9458,0.9,210.0,169.0,-30.0,13.0,13.0,0.0,0.0,5.589080512523651,0.0,0.0,0.0,0.0,--,--,--,--,--,274.8,615.1,267.5,74.0,424.8103332519531,861.0,112.9,6.0,-4.1000000000000005,5.567427635192871,-18.742862701416016,1.1053619384765625,-5.973834991455077,20.69824981689453,-4.633846282958984,3013.28,5.0,70500.0,3010.0,5.0,70400.0,4640.0,5900.0,13.7,0.0,0.0,1115.3816814422607,2434.927001953125,0.0,0.0,0.0,0.0,74.46308135986328,72000.0,18.0,1.0,0.0,249.09,290.7,241.42,290.0
22,0,2018,3,12,-10.0,-999.0,0.0,43200.0,-10.0,-10.0,-10.0,10.325001131743194,37.47250509262085,-5.3811073303222665,5665.751953125,255.1112060546875,228.12478637695312,21.995373725891113,-12.002090454101562,3061.6298828125,273.0257568359375,238.81228637695312,10.048788070678713,-12.723867416381836,1495.4752197265625,276.036148071289,261.24978637695307,3.662830352783203,-13.503280639648438,281.23025512695307,267.1046295166016,4.032245635986328,-9.203155517578123,287.6581115722656,268.980209350586,3.260761260986328,-7.4691123962402335,0.0,0.009037494659423828,-0.017331242561340332,101869.0,156.75829315185547,0.0,0.0,0.0,0.0,2.99135971069336,-6.8367652893066415,101230.0,53.46400451660156,291.94342041015625,0.0,1.6,0.0,0.0,0.0,0.0,289.2384948730469,288.2521057128906,0.0032500000000000003,271.1804351806641,29.6,1.8407096862792969,-3.8081321716308594,4.255627938080578,-50.0,0.0,0.0,0.0,0.0,0.0,0.0,0.0,0.0,0.0,0.0,0.9458,0.75,105.0,127.0,20.0,13.0,12.9,0.0,0.0,5.882513046264648,0.0,0.0,0.0,0.0,--,--,--,--,--,270.40000000000003,398.1,269.2,47.875,411.8215637207031,740.0,96.5,8.0,8.4,5.723538398742676,-17.779008865356445,2.311624526977539,-5.8902549743652335,19.29123306274414,-5.27166748046875,3040.8,6.0,70300.0,3040.0,6.0,70200.0,4600.0,5900.0,13.4,0.0,0.0,1269.5309391021726,2454.569519042969,0.0,0.0,0.0,0.0,74.44933700561523,72000.0,18.9,1.0,0.0,248.83,288.6,241.25,288.0
23,0,2018,3,12,-10.0,-999.0,0.0,43900.0,-10.0,-10.0,-10.0,10.209573524072765,36.49896240234375,-5.6877708435058585,5668.52490234375,255.18858337402344,227.81228637695312,21.563962936401367,-11.35417938232422,3065.37451171875,273.0408935546875,239.18728637695312,10.548013687133787,-11.34042739868164,1498.4967041015625,276.19781494140625,261.37478637695307,4.1433143615722665,-13.173967361450195,281.51324462890625,266.3110809326172,4.1039772033691415,-9.925678253173828,287.62957763671875,268.3607635498047,3.177013397216797,-8.147523880004883,0.0,0.0044193267822265625,0.0005862712860107423,101892.0,158.73502349853516,0.0,0.0,0.0,0.0,2.8657054901123047,-7.472141265869141,101250.0,53.46400451660156,288.8361511230469,0.0,2.1,0.0,0.0,0.0,0.0,288.65594482421875,287.70098876953125,0.0031300000000000004,270.67254638671875,29.0,1.6288776397705078,-4.303529739379884,4.565452940296382,-50.0,0.0,0.0,0.0,0.0,0.0,0.0,0.0,0.0,0.0,0.0,0.9458,0.65,9.0,100.0,60.0,13.0,13.5,0.0,0.0,5.798912763595581,0.0,0.0,0.0,0.0,--,--,--,--,--,264.6,161.3,267.90000000000003,19.375,394.5796203613281,471.4,65.9,21.0,5.0,6.325638771057129,-17.765459060668945,2.5570144653320312,-6.0666351318359375,18.75393486022949,-3.853927612304688,3060.64,6.0,70100.0,3060.0,6.0,70000.0,4590.0,5920.0,13.6,0.0,0.0,1212.6400184631348,2532.404479980469,0.0,0.0,0.0,0.0,74.49352264404297,72000.0,18.3,1.0,0.0,248.16,285.7,240.43,285.3
